{"version":"0.0.0","baseGraphId":"34002fdf-a661-49d7-bf9b-8b315caf1b3d","timeStamp":0,"NodeSerializeDataDict":{},"GraphDict":{"34002fdf-a661-49d7-bf9b-8b315caf1b3d":{"NodeIdList":["Blueprint-canvas-start-tip-node","2f2f7c0a-af6a-4286-a653-5c5527d5c708"],"CanvasPos":{"x":0.0,"y":0.0,"z":0.0},"CanvasZoom":1.0,"CanvasPivot":{"x":0.5,"y":0.5},"guid":"34002fdf-a661-49d7-bf9b-8b315caf1b3d"}},"NodeDict":{"Blueprint-canvas-start-tip-node":{"key":"","widgets":[{"type":0,"key":null,"value":null,"args":["开始"]},{"type":2,"key":null,"value":null,"args":null}],"displayName":"开始","parentGraphId":"34002fdf-a661-49d7-bf9b-8b315caf1b3d","parentNodeId":"","guid":"Blueprint-canvas-start-tip-node","type":6,"localPos":{"x":0.0,"y":0.0,"z":0.0},"canNotDelete":true,"canNotCopy":true,"inputs":[],"outputs":[{"portID":"9a20b17a-69ff-46e5-976a-25bdb98dcb3e","interfaceID":"sticker_out","interfaceType":"1","interfaceName":"","connections":[]}]},"2f2f7c0a-af6a-4286-a653-5c5527d5c708":{"componentGUID":"2f2f7c0a-af6a-4286-a653-5c5527d5c708","isCopy":false,"baseGUID":"","displayName":"注册选皮肤","parentGraphId":"34002fdf-a661-49d7-bf9b-8b315caf1b3d","parentNodeId":"","guid":"2f2f7c0a-af6a-4286-a653-5c5527d5c708","type":1,"localPos":{"x":253.07692,"y":49.73065,"z":0.0},"canNotDelete":false,"canNotCopy":false,"inputs":[],"outputs":[]}},"GlobalVariableList":[],"Connections":{}}