[

  {
    "id": "teacher_male",
    "agentSpeed": 3.5,
    "speed": 3.5,
    "gravity": -15,
    "jumpHeight": 1.2,
    "slopeLimit": 45,
    "stepOffset": 0.4,
    "height": 1.74,
    "radius": 0.28,
    "center": {
      "x": 0,
      "y": 0.95,
      "z": 0
    }
  },
  {
    "id": "teacher_female",
    "agentSpeed": 3.5,
    "speed": 3.5,
    "gravity": -15,
    "jumpHeight": 1.2,
    "slopeLimit": 45,
    "stepOffset": 0.4,
    "height": 1.74,
    "radius": 0.28,
    "center": {
      "x": 0,
      "y": 0.95,
      "z": 0
    }
  },
  {
    "id": "male",
    "agentSpeed": 3.5,
    "speed": 3.5,
    "gravity": -15,
    "jumpHeight": 1.2,
    "slopeLimit": 45,
    "stepOffset": 0.4,
    "height": 1.74,
    "radius": 0.28,
    "center": {
      "x": 0,
      "y": 0.95,
      "z": 0
    }
  },
  {
    "id": "female",
    "agentSpeed": 3.5,
    "speed": 3.5,
    "gravity": -15,
    "jumpHeight": 1.2,
    "slopeLimit": 45,
    "stepOffset": 0.4,
    "height": 1.74,
    "radius": 0.28,
    "center": {
      "x": 0,
      "y": 0.95,
      "z": 0
    }
  }
]